n,p,seed,k,method,found,solution,valid,timeout,num_variables,num_clauses,encoding_time,solver_time,total_time
20,0.2,1,6,backtracking,True,"[0, 2, 3, 4, 11, 13]",True,False,,,,9.039999999993498e-05,9.039999999993498e-05
20,0.2,1,6,minisat,True,"[0, 2, 3, 4, 11, 13]",True,False,104,198,0.0005258999999999681,0.0009991000000000305,0.0015249999999999986
20,0.2,1,6,cadical,True,"[0, 2, 3, 4, 11, 13, 15, 16, 19]",True,False,104,198,0.0005258999999999681,0.004445899999999892,0.00497179999999986
20,0.2,1,8,backtracking,True,"[0, 2, 3, 4, 11, 13, 15, 16]",True,False,,,,0.00012110000000031818,0.00012110000000031818
20,0.2,1,8,minisat,True,"[0, 3, 4, 5, 8, 11, 15, 18]",True,False,116,226,0.0005678999999996215,0.0009577999999996756,0.001525699999999297
20,0.2,1,8,cadical,True,"[0, 2, 3, 4, 11, 13, 15, 16, 19]",True,False,116,226,0.0005678999999996215,0.007507400000000164,0.008075299999999785
20,0.2,2,6,backtracking,True,"[0, 1, 2, 5, 7, 9]",True,False,,,,6.649999999996936e-05,6.649999999996936e-05
20,0.2,2,6,minisat,True,"[0, 2, 5, 7, 9, 10]",True,False,104,200,0.00048660000000033676,0.0011120000000000019,0.0015986000000003386
20,0.2,2,6,cadical,True,"[0, 1, 2, 5, 7, 9, 10, 15]",True,False,104,200,0.00048660000000033676,0.005027099999999951,0.005513700000000288
20,0.2,2,8,backtracking,True,"[0, 1, 2, 5, 7, 9, 10, 15]",True,False,,,,0.0001634000000003688,0.0001634000000003688
20,0.2,2,8,minisat,True,"[0, 1, 2, 5, 7, 9, 10, 15]",True,False,116,228,0.0005370000000000097,0.0009041999999999106,0.0014411999999999203
20,0.2,2,8,cadical,True,"[0, 1, 2, 5, 7, 9, 10, 15]",True,False,116,228,0.0005370000000000097,0.007845400000000335,0.008382400000000345
20,0.2,3,6,backtracking,True,"[0, 1, 2, 5, 10, 11]",True,False,,,,8.370000000024191e-05,8.370000000024191e-05
20,0.2,3,6,minisat,True,"[0, 1, 2, 5, 10, 11]",True,False,104,193,0.0005395999999997514,0.0011062000000001682,0.0016457999999999195
20,0.2,3,6,cadical,True,"[0, 1, 2, 5, 10, 11, 18, 19]",True,False,104,193,0.0005395999999997514,0.004773500000000208,0.0053130999999999595
20,0.2,3,8,backtracking,True,"[0, 1, 2, 5, 10, 11, 18, 19]",True,False,,,,0.0001988000000001655,0.0001988000000001655
20,0.2,3,8,minisat,True,"[0, 1, 2, 5, 10, 11, 18, 19]",True,False,116,221,0.0009133999999999531,0.0017592999999997971,0.0026726999999997503
20,0.2,3,8,cadical,True,"[0, 1, 2, 5, 10, 11, 18, 19]",True,False,116,221,0.0009133999999999531,0.006707699999999761,0.007621099999999714
20,0.5,1,6,backtracking,True,"[5, 7, 11, 13, 15, 18]",True,False,,,,0.003932600000000175,0.003932600000000175
20,0.5,1,6,minisat,True,"[5, 7, 11, 13, 15, 18]",True,False,104,253,0.0009722000000000897,0.002105600000000152,0.0030778000000002415
20,0.5,1,6,cadical,True,"[5, 7, 11, 13, 15, 18]",True,False,104,253,0.0009722000000000897,0.00637130000000008,0.007343500000000169
20,0.5,1,8,backtracking,False,[],True,False,,,,0.0031093000000002036,0.0031093000000002036
20,0.5,1,8,minisat,False,[],True,False,116,281,0.0005954000000008008,0.0016590999999994693,0.00225450000000027
20,0.5,1,8,cadical,False,[],True,False,116,281,0.0005954000000008008,0.009482900000000072,0.010078300000000873
20,0.5,2,6,backtracking,False,[],True,False,,,,0.009245899999999807,0.009245899999999807
20,0.5,2,6,minisat,False,[],True,False,104,253,0.0008068999999997217,0.0018200999999997691,0.002626999999999491
20,0.5,2,6,cadical,False,[],True,False,104,253,0.0008068999999997217,0.006302699999999994,0.007109599999999716
20,0.5,2,8,backtracking,False,[],True,False,,,,0.004927299999999413,0.004927299999999413
20,0.5,2,8,minisat,False,[],True,False,116,281,0.001146699999999612,0.0024340000000000472,0.003580699999999659
20,0.5,2,8,cadical,False,[],True,False,116,281,0.001146699999999612,0.008090499999999778,0.00923719999999939
20,0.5,3,6,backtracking,False,[],True,False,,,,0.011538100000000107,0.011538100000000107
20,0.5,3,6,minisat,False,[],True,False,104,251,0.0005813999999997321,0.0025272000000002848,0.003108600000000017
20,0.5,3,6,cadical,False,[],True,False,104,251,0.0005813999999997321,0.00962680000000038,0.010208200000000112
20,0.5,3,8,backtracking,False,[],True,False,,,,0.007972099999999926,0.007972099999999926
20,0.5,3,8,minisat,False,[],True,False,116,279,0.0005748000000007636,0.0015025999999993545,0.002077400000000118
20,0.5,3,8,cadical,False,[],True,False,116,279,0.0005748000000007636,0.006176400000000193,0.0067512000000009564
20,0.8,1,6,backtracking,False,[],True,False,,,,0.0012570999999992338,0.0012570999999992338
20,0.8,1,6,minisat,False,[],True,False,104,314,0.0007441000000003584,0.0016327000000000425,0.002376800000000401
20,0.8,1,6,cadical,False,[],True,False,104,314,0.0007441000000003584,0.007302600000000048,0.008046700000000406
20,0.8,1,8,backtracking,False,[],True,False,,,,0.001202400000000381,0.001202400000000381
20,0.8,1,8,minisat,False,[],True,False,116,342,0.0007540999999999798,0.0016930000000003886,0.0024471000000003684
20,0.8,1,8,cadical,False,[],True,False,116,342,0.0007540999999999798,0.006948200000000071,0.007702300000000051
20,0.8,2,6,backtracking,False,[],True,False,,,,0.0015564000000001244,0.0015564000000001244
20,0.8,2,6,minisat,False,[],True,False,104,312,0.0005892000000002895,0.0016863000000002515,0.002275500000000541
20,0.8,2,6,cadical,False,[],True,False,104,312,0.0005892000000002895,0.007527099999999898,0.008116300000000187
20,0.8,2,8,backtracking,False,[],True,False,,,,0.0009897999999992635,0.0009897999999992635
20,0.8,2,8,minisat,False,[],True,False,116,340,0.001214199999999721,0.0034226000000003864,0.0046368000000001075
20,0.8,2,8,cadical,False,[],True,False,116,340,0.001214199999999721,0.008135499999999851,0.009349699999999572
20,0.8,3,6,backtracking,False,[],True,False,,,,0.0013472999999999402,0.0013472999999999402
20,0.8,3,6,minisat,False,[],True,False,104,305,0.0006129999999995306,0.0025589000000003637,0.0031718999999998942
20,0.8,3,6,cadical,False,[],True,False,104,305,0.0006129999999995306,0.006736700000000262,0.0073496999999997925
20,0.8,3,8,backtracking,False,[],True,False,,,,0.0008828999999996867,0.0008828999999996867
20,0.8,3,8,minisat,False,[],True,False,116,333,0.0006776999999997813,0.001763500000000029,0.00244119999999981
20,0.8,3,8,cadical,False,[],True,False,116,333,0.0006776999999997813,0.008789499999999784,0.009467199999999565
30,0.2,1,9,backtracking,True,"[0, 2, 3, 4, 5, 8, 12, 13, 16]",True,False,,,,0.00011520000000064812,0.00011520000000064812
30,0.2,1,9,minisat,True,"[0, 2, 3, 4, 5, 8, 12, 13, 16]",True,False,219,452,0.0010932999999999637,0.0032982999999999763,0.00439159999999994
30,0.2,1,9,cadical,True,"[0, 2, 3, 4, 5, 8, 12, 13, 16, 24, 28]",True,False,219,452,0.0010932999999999637,0.011736700000000155,0.012830000000000119
30,0.2,1,12,backtracking,True,"[0, 2, 3, 5, 7, 8, 12, 13, 16, 19, 24, 28]",True,False,,,,0.006562399999999968,0.006562399999999968
30,0.2,1,12,minisat,True,"[0, 2, 3, 12, 13, 15, 16, 19, 24, 25, 26, 29]",True,False,246,512,0.0012806000000002982,0.0032623000000002733,0.0045429000000005715
30,0.2,1,12,cadical,True,"[0, 2, 3, 12, 13, 15, 16, 19, 24, 25, 26, 29]",True,False,246,512,0.0012806000000002982,0.00845840000000031,0.009739000000000608
30,0.2,2,9,backtracking,True,"[0, 1, 5, 6, 9, 11, 16, 26, 27]",True,False,,,,0.0001876999999996798,0.0001876999999996798
30,0.2,2,9,minisat,True,"[2, 6, 7, 8, 10, 12, 13, 16, 23]",True,False,219,450,0.0009950999999999155,0.0019162000000001456,0.002911300000000061
30,0.2,2,9,cadical,True,"[0, 1, 5, 6, 9, 11, 16, 26, 27]",True,False,219,450,0.0009950999999999155,0.008185000000000109,0.009180100000000024
30,0.2,2,12,backtracking,True,"[0, 1, 6, 7, 10, 11, 14, 15, 23, 26, 27, 29]",True,False,,,,0.004518499999999648,0.004518499999999648
30,0.2,2,12,minisat,True,"[0, 2, 7, 8, 10, 13, 14, 18, 19, 24, 26, 29]",True,False,246,510,0.0012873999999998276,0.002097899999999875,0.0033852999999997024
30,0.2,2,12,cadical,True,"[0, 2, 7, 8, 10, 13, 14, 18, 23, 24, 26, 29]",True,False,246,510,0.0012873999999998276,0.011067299999999669,0.012354699999999497
30,0.2,3,9,backtracking,True,"[0, 1, 2, 3, 4, 9, 15, 19, 20]",True,False,,,,0.0001438999999994195,0.0001438999999994195
30,0.2,3,9,minisat,True,"[0, 1, 2, 4, 5, 9, 15, 20, 24]",True,False,219,448,0.0009719999999999729,0.003297400000000117,0.00426940000000009
30,0.2,3,9,cadical,True,"[0, 1, 2, 3, 4, 9, 15, 19, 20, 24, 25]",True,False,219,448,0.0009719999999999729,0.005984500000000281,0.006956500000000254
30,0.2,3,12,backtracking,False,[],True,False,,,,0.4144760999999999,0.4144760999999999
30,0.2,3,12,minisat,False,[],True,False,246,508,0.001054700000000075,0.005888399999999905,0.00694309999999998
30,0.2,3,12,cadical,False,[],True,False,246,508,0.001054700000000075,0.014577200000000623,0.015631900000000698
30,0.5,1,9,backtracking,False,[],True,False,,,,0.019583700000000093,0.019583700000000093
30,0.5,1,9,minisat,False,[],True,False,219,584,0.001139499999999849,0.003711599999999926,0.004851099999999775
30,0.5,1,9,cadical,False,[],True,False,219,584,0.001139499999999849,0.009433600000000375,0.010573100000000224
30,0.5,1,12,backtracking,False,[],True,False,,,,0.011064999999999436,0.011064999999999436
30,0.5,1,12,minisat,False,[],True,False,246,644,0.0012653000000000247,0.0031550999999998552,0.00442039999999988
30,0.5,1,12,cadical,False,[],True,False,246,644,0.0012653000000000247,0.007682800000000434,0.008948100000000458
30,0.5,2,9,backtracking,False,[],True,False,,,,0.021662800000000537,0.021662800000000537
30,0.5,2,9,minisat,False,[],True,False,219,582,0.001156599999999841,0.003339899999999396,0.004496499999999237
30,0.5,2,9,cadical,False,[],True,False,219,582,0.001156599999999841,0.008819400000000144,0.009975999999999985
30,0.5,2,12,backtracking,False,[],True,False,,,,0.013379099999999866,0.013379099999999866
30,0.5,2,12,minisat,False,[],True,False,246,642,0.0012975999999991217,0.002806800000000109,0.004104399999999231
30,0.5,2,12,cadical,False,[],True,False,246,642,0.0012975999999991217,0.007774100000000672,0.009071699999999794
30,0.5,3,9,backtracking,False,[],True,False,,,,0.027097600000001165,0.027097600000001165
30,0.5,3,9,minisat,False,[],True,False,219,582,0.0012230999999989223,0.003555500000000933,0.004778599999999855
30,0.5,3,9,cadical,False,[],True,False,219,582,0.0012230999999989223,0.009294199999999364,0.010517299999998286
30,0.5,3,12,backtracking,False,[],True,False,,,,0.01595400000000069,0.01595400000000069
30,0.5,3,12,minisat,False,[],True,False,246,642,0.0013062999999995384,0.0029260999999998205,0.004232399999999359
30,0.5,3,12,cadical,False,[],True,False,246,642,0.0013062999999995384,0.007649200000001244,0.008955500000000782
30,0.8,1,9,backtracking,False,[],True,False,,,,0.003647300000000797,0.003647300000000797
30,0.8,1,9,minisat,False,[],True,False,219,711,0.0013366000000001321,0.003241199999999722,0.004577799999999854
30,0.8,1,9,cadical,False,[],True,False,219,711,0.0013366000000001321,0.007324599999998682,0.008661199999998814
30,0.8,1,12,backtracking,False,[],True,False,,,,0.0023830999999994162,0.0023830999999994162
30,0.8,1,12,minisat,False,[],True,False,246,771,0.0016564999999992835,0.0031143999999994065,0.00477089999999869
30,0.8,1,12,cadical,False,[],True,False,246,771,0.0016564999999992835,0.007547999999999888,0.009204499999999172
30,0.8,2,9,backtracking,False,[],True,False,,,,0.003723599999998939,0.003723599999998939
30,0.8,2,9,minisat,False,[],True,False,219,714,0.001436599999999899,0.0029949999999985266,0.004431599999998426
30,0.8,2,9,cadical,False,[],True,False,219,714,0.001436599999999899,0.007981900000000763,0.009418500000000662
30,0.8,2,12,backtracking,False,[],True,False,,,,0.002725399999999212,0.002725399999999212
30,0.8,2,12,minisat,False,[],True,False,246,774,0.0015905000000007163,0.0029821000000005427,0.004572600000001259
30,0.8,2,12,cadical,False,[],True,False,246,774,0.0015905000000007163,0.007604300000000563,0.00919480000000128
30,0.8,3,9,backtracking,False,[],True,False,,,,0.005111099999998814,0.005111099999998814
30,0.8,3,9,minisat,False,[],True,False,219,710,0.0012866000000002487,0.003272100000000222,0.004558700000000471
30,0.8,3,9,cadical,False,[],True,False,219,710,0.0012866000000002487,0.007335499999999939,0.008622100000000188
30,0.8,3,12,backtracking,False,[],True,False,,,,0.0036775000000002223,0.0036775000000002223
30,0.8,3,12,minisat,False,[],True,False,246,770,0.0013220000000000454,0.0029239000000007564,0.004245900000000802
30,0.8,3,12,cadical,False,[],True,False,246,770,0.0013220000000000454,0.00789620000000113,0.009218200000001175
40,0.2,1,12,backtracking,True,"[0, 2, 4, 8, 11, 19, 24, 28, 31, 32, 33, 37]",True,False,,,,0.003347899999999626,0.003347899999999626
40,0.2,1,12,minisat,True,"[0, 2, 6, 11, 16, 19, 23, 28, 31, 32, 33, 37]",True,False,376,805,0.0019660999999988604,0.003436600000000567,0.005402699999999427
40,0.2,1,12,cadical,True,"[0, 5, 8, 11, 19, 22, 23, 32, 34, 37, 38, 39]",True,False,376,805,0.0019660999999988604,0.008387100000000203,0.010353199999999063
40,0.2,1,16,backtracking,False,[],True,False,,,,2.355561100000001,2.355561100000001
40,0.2,1,16,minisat,False,[],True,False,424,909,0.00462930000000128,0.016569600000000406,0.021198900000001686
40,0.2,1,16,cadical,False,[],True,False,424,909,0.00462930000000128,0.03085909999999714,0.03548839999999842
40,0.2,2,12,backtracking,True,"[0, 1, 5, 7, 10, 13, 17, 19, 26, 29, 33, 38]",True,False,,,,0.3175808999999994,0.3175808999999994
40,0.2,2,12,minisat,True,"[0, 1, 9, 10, 13, 14, 15, 20, 25, 35, 37, 38]",True,False,376,806,0.003399500000000444,0.01064530000000019,0.014044800000000635
40,0.2,2,12,cadical,True,"[1, 6, 7, 11, 22, 26, 31, 33, 35, 37, 38, 39]",True,False,376,806,0.003399500000000444,0.015932299999999344,0.019331799999999788
40,0.2,2,16,backtracking,False,[],True,False,,,,5.5016012,5.5016012
40,0.2,2,16,minisat,False,[],True,False,424,910,0.0025002000000000635,0.025534500000006233,0.028034700000006296
40,0.2,2,16,cadical,False,[],True,False,424,910,0.0025002000000000635,0.04791219999999896,0.050412399999999025
40,0.2,3,12,backtracking,True,"[0, 1, 3, 4, 5, 11, 14, 19, 30, 32, 36, 37]",True,False,,,,0.15246060000000483,0.15246060000000483
40,0.2,3,12,minisat,True,"[0, 1, 4, 5, 9, 10, 13, 17, 25, 30, 32, 37]",True,False,376,817,0.003145799999998644,0.006366299999996272,0.009512099999994916
40,0.2,3,12,cadical,True,"[3, 5, 11, 14, 18, 19, 26, 28, 30, 35, 36, 37]",True,False,376,817,0.003145799999998644,0.025252799999996967,0.02839859999999561
40,0.2,3,16,backtracking,False,[],True,False,,,,4.063451299999997,4.063451299999997
40,0.2,3,16,minisat,False,[],True,False,424,921,0.004752400000000989,0.028761900000006335,0.033514300000007324
40,0.2,3,16,cadical,False,[],True,False,424,921,0.004752400000000989,0.027045800000010445,0.031798200000011434
40,0.5,1,12,backtracking,False,[],True,False,,,,0.09412589999999454,0.09412589999999454
40,0.5,1,12,minisat,False,[],True,False,376,1034,0.002143199999991907,0.007672900000002869,0.009816099999994776
40,0.5,1,12,cadical,False,[],True,False,376,1034,0.002143199999991907,0.016667100000006485,0.018810299999998392
40,0.5,1,16,backtracking,False,[],True,False,,,,0.04570550000001106,0.04570550000001106
40,0.5,1,16,minisat,False,[],True,False,424,1138,0.0025417999999888252,0.005411300000005781,0.007953099999994606
40,0.5,1,16,cadical,False,[],True,False,424,1138,0.0025417999999888252,0.01182160000000465,0.014363399999993476
40,0.5,2,12,backtracking,False,[],True,False,,,,0.09571459999999377,0.09571459999999377
40,0.5,2,12,minisat,False,[],True,False,376,1045,0.0020206000000086988,0.0066467999999986205,0.00866740000000732
40,0.5,2,12,cadical,False,[],True,False,376,1045,0.0020206000000086988,0.01592810000001066,0.017948700000019358
40,0.5,2,16,backtracking,False,[],True,False,,,,0.05553489999999783,0.05553489999999783
40,0.5,2,16,minisat,False,[],True,False,424,1149,0.0027100000000075397,0.005881200000004583,0.008591200000012122
40,0.5,2,16,cadical,False,[],True,False,424,1149,0.0027100000000075397,0.012003300000003492,0.014713300000011031
40,0.5,3,12,backtracking,False,[],True,False,,,,0.0680872000000079,0.0680872000000079
40,0.5,3,12,minisat,False,[],True,False,376,1050,0.0020901000000037584,0.006389999999996121,0.00848009999999988
40,0.5,3,12,cadical,False,[],True,False,376,1050,0.0020901000000037584,0.01383999999998764,0.0159300999999914
40,0.5,3,16,backtracking,False,[],True,False,,,,0.03779130000000919,0.03779130000000919
40,0.5,3,16,minisat,False,[],True,False,424,1154,0.003528000000002862,0.0065908999999919615,0.010118899999994824
40,0.5,3,16,cadical,False,[],True,False,424,1154,0.003528000000002862,0.010932800000006182,0.014460800000009044
40,0.8,1,12,backtracking,False,[],True,False,,,,0.008883300000007921,0.008883300000007921
40,0.8,1,12,minisat,False,[],True,False,376,1273,0.002595099999993522,0.007279500000009875,0.009874600000003397
40,0.8,1,12,cadical,False,[],True,False,376,1273,0.002595099999993522,0.010944699999996033,0.013539799999989555
40,0.8,1,16,backtracking,False,[],True,False,,,,0.005706000000003542,0.005706000000003542
40,0.8,1,16,minisat,False,[],True,False,424,1377,0.0024798000000032516,0.00563220000000797,0.008112000000011221
40,0.8,1,16,cadical,False,[],True,False,424,1377,0.0024798000000032516,0.01141359999999736,0.01389340000000061
40,0.8,2,12,backtracking,False,[],True,False,,,,0.009913000000011607,0.009913000000011607
40,0.8,2,12,minisat,False,[],True,False,376,1280,0.002438900000001354,0.005678399999993644,0.008117299999994998
40,0.8,2,12,cadical,False,[],True,False,376,1280,0.002438900000001354,0.010405500000004508,0.012844400000005862
40,0.8,2,16,backtracking,False,[],True,False,,,,0.006605499999992048,0.006605499999992048
40,0.8,2,16,minisat,False,[],True,False,424,1384,0.0024995000000131995,0.0056507999999979575,0.008150300000011157
40,0.8,2,16,cadical,False,[],True,False,424,1384,0.0024995000000131995,0.011590900000001625,0.014090400000014824
40,0.8,3,12,backtracking,False,[],True,False,,,,0.008977599999994368,0.008977599999994368
40,0.8,3,12,minisat,False,[],True,False,376,1285,0.004105699999996659,0.005697799999992981,0.00980349999998964
40,0.8,3,12,cadical,False,[],True,False,376,1285,0.004105699999996659,0.010327399999994213,0.014433099999990873
40,0.8,3,16,backtracking,False,[],True,False,,,,0.00564690000000212,0.00564690000000212
40,0.8,3,16,minisat,False,[],True,False,424,1389,0.0026311000000021068,0.005671300000003043,0.00830240000000515
40,0.8,3,16,cadical,False,[],True,False,424,1389,0.0026311000000021068,0.010815100000002076,0.013446200000004183
50,0.2,1,15,backtracking,True,"[0, 4, 6, 12, 13, 16, 23, 28, 32, 33, 39, 44, 45, 46, 47]",True,False,,,,2.6754820999999964,2.6754820999999964
50,0.2,1,15,minisat,True,"[0, 4, 6, 12, 13, 16, 23, 28, 32, 33, 39, 44, 45, 46, 47]",True,False,575,1257,0.0026405999999923324,0.010214499999989357,0.01285509999998169
50,0.2,1,15,cadical,True,"[1, 11, 12, 14, 17, 20, 23, 27, 32, 33, 35, 36, 37, 38, 49]",True,False,575,1257,0.0026405999999923324,0.022842900000000554,0.025483499999992887
50,0.2,1,20,backtracking,,[],,True,,,,10.0,10.0
50,0.2,1,20,minisat,False,[],True,False,650,1417,0.003050600000008785,0.03500900000000229,0.03805960000001107
50,0.2,1,20,cadical,False,[],True,False,650,1417,0.003050600000008785,0.03800859999999773,0.04105920000000651
50,0.2,2,15,backtracking,,[],,True,,,,10.0,10.0
50,0.2,2,15,minisat,True,"[5, 10, 14, 16, 21, 24, 31, 32, 34, 37, 38, 41, 43, 44, 46]",True,False,575,1271,0.002853199999989897,0.018476100000000883,0.02132929999999078
50,0.2,2,15,cadical,True,"[5, 8, 9, 13, 21, 22, 24, 32, 34, 38, 41, 42, 43, 44, 46]",True,False,575,1271,0.002853199999989897,0.1408657000000062,0.1437188999999961
50,0.2,2,20,backtracking,,[],,True,,,,10.0,10.0
50,0.2,2,20,minisat,False,[],True,False,650,1431,0.003080800000006434,0.02708470000000318,0.030165500000009615
50,0.2,2,20,cadical,False,[],True,False,650,1431,0.003080800000006434,0.04458900000000199,0.04766980000000842
50,0.2,3,15,backtracking,True,"[0, 2, 4, 5, 8, 9, 10, 12, 13, 24, 30, 37, 41, 44, 45]",True,False,,,,2.960919199999978,2.960919199999978
50,0.2,3,15,minisat,True,"[0, 4, 8, 9, 12, 13, 15, 19, 24, 31, 32, 37, 41, 44, 45]",True,False,575,1279,0.0030399999999985994,0.0699764000000016,0.0730164000000002
50,0.2,3,15,cadical,True,"[4, 8, 9, 12, 13, 15, 16, 19, 22, 24, 31, 32, 37, 44, 45]",True,False,575,1279,0.0030399999999985994,0.24762989999999263,0.25066989999999123
50,0.2,3,20,backtracking,,[],,True,,,,10.0,10.0
50,0.2,3,20,minisat,False,[],True,False,650,1439,0.00539489999999887,0.04369909999999777,0.04909399999999664
50,0.2,3,20,cadical,False,[],True,False,650,1439,0.00539489999999887,0.057952299999982415,0.06334719999998129
50,0.5,1,15,backtracking,False,[],True,False,,,,0.23213619999998514,0.23213619999998514
50,0.5,1,15,minisat,False,[],True,False,575,1617,0.003691899999978432,0.01431940000000509,0.01801129999998352
50,0.5,1,15,cadical,False,[],True,False,575,1617,0.003691899999978432,0.02464589999999589,0.028337799999974322
50,0.5,1,20,backtracking,False,[],True,False,,,,0.11580449999999587,0.11580449999999587
50,0.5,1,20,minisat,False,[],True,False,650,1777,0.0037416999999777545,0.010723400000017591,0.014465099999995346
50,0.5,1,20,cadical,False,[],True,False,650,1777,0.0037416999999777545,0.01924959999999487,0.022991299999972625
50,0.5,2,15,backtracking,False,[],True,False,,,,0.15891709999999648,0.15891709999999648
50,0.5,2,15,minisat,False,[],True,False,575,1636,0.00488919999997961,0.0151853999999787,0.02007459999995831
50,0.5,2,15,cadical,False,[],True,False,575,1636,0.00488919999997961,0.0236883999999975,0.02857759999997711
50,0.5,2,20,backtracking,False,[],True,False,,,,0.0862419999999986,0.0862419999999986
50,0.5,2,20,minisat,False,[],True,False,650,1796,0.0035681999999894742,0.009214200000002393,0.012782399999991867
50,0.5,2,20,cadical,False,[],True,False,650,1796,0.0035681999999894742,0.01706169999999929,0.020629899999988766
50,0.5,3,15,backtracking,False,[],True,False,,,,0.20093230000000517,0.20093230000000517
50,0.5,3,15,minisat,False,[],True,False,575,1654,0.010208200000022316,0.014212299999996958,0.024420500000019274
50,0.5,3,15,cadical,False,[],True,False,575,1654,0.010208200000022316,0.023794699999996283,0.0340029000000186
50,0.5,3,20,backtracking,False,[],True,False,,,,0.10170699999997623,0.10170699999997623
50,0.5,3,20,minisat,False,[],True,False,650,1814,0.0050410999999996875,0.0123437000000024,0.017384800000002087
50,0.5,3,20,cadical,False,[],True,False,650,1814,0.0050410999999996875,0.01939900000002126,0.024440100000020948
50,0.8,1,15,backtracking,False,[],True,False,,,,0.018147399999975278,0.018147399999975278
50,0.8,1,15,minisat,False,[],True,False,575,1998,0.0039260000000069795,0.01078160000000139,0.01470760000000837
50,0.8,1,15,cadical,False,[],True,False,575,1998,0.0039260000000069795,0.01655370000000289,0.02047970000000987
50,0.8,1,20,backtracking,False,[],True,False,,,,0.01403779999998278,0.01403779999998278
50,0.8,1,20,minisat,False,[],True,False,650,2158,0.005149000000017168,0.008626700000007759,0.013775700000024926
50,0.8,1,20,cadical,False,[],True,False,650,2158,0.005149000000017168,0.016510899999985895,0.021659900000003063
50,0.8,2,15,backtracking,False,[],True,False,,,,0.02322509999999056,0.02322509999999056
50,0.8,2,15,minisat,False,[],True,False,575,2005,0.004774599999990414,0.01556399999998348,0.020338599999973894
50,0.8,2,15,cadical,False,[],True,False,575,2005,0.004774599999990414,0.020010900000016818,0.024785500000007232
50,0.8,2,20,backtracking,False,[],True,False,,,,0.01766229999998359,0.01766229999998359
50,0.8,2,20,minisat,False,[],True,False,650,2165,0.0068110999999930755,0.014189799999996922,0.021000899999989997
50,0.8,2,20,cadical,False,[],True,False,650,2165,0.0068110999999930755,0.016048299999994242,0.022859399999987318
50,0.8,3,15,backtracking,False,[],True,False,,,,0.019112599999999702,0.019112599999999702
50,0.8,3,15,minisat,False,[],True,False,575,2000,0.003618299999999408,0.01009390000001531,0.013712200000014718
50,0.8,3,15,cadical,False,[],True,False,575,2000,0.003618299999999408,0.020121899999992365,0.023740199999991773
50,0.8,3,20,backtracking,False,[],True,False,,,,0.010690399999987221,0.010690399999987221
50,0.8,3,20,minisat,False,[],True,False,650,2160,0.005328500000018721,0.011502999999976282,0.016831499999995003
50,0.8,3,20,cadical,False,[],True,False,650,2160,0.005328500000018721,0.03244449999999688,0.0377730000000156
60,0.2,1,18,backtracking,,[],,True,,,,10.0,10.0
60,0.2,1,18,minisat,False,[],True,False,816,1823,0.00459250000000111,0.5094164999999862,0.5140089999999873
60,0.2,1,18,cadical,False,[],True,False,816,1823,0.00459250000000111,0.9179368000000068,0.9225293000000079
60,0.2,1,24,backtracking,,[],,True,,,,10.0,10.0
60,0.2,1,24,minisat,False,[],True,False,924,2051,0.008974699999981794,0.10054940000000556,0.10952409999998736
60,0.2,1,24,cadical,False,[],True,False,924,2051,0.008974699999981794,0.07866980000000012,0.08764449999998192
60,0.2,2,18,backtracking,,[],,True,,,,10.0,10.0
60,0.2,2,18,minisat,False,[],True,False,816,1826,0.005954900000006091,0.45024029999999016,0.45619519999999625
60,0.2,2,18,cadical,False,[],True,False,816,1826,0.005954900000006091,0.8109565999999973,0.8169115000000033
60,0.2,2,24,backtracking,,[],,True,,,,10.0,10.0
60,0.2,2,24,minisat,False,[],True,False,924,2054,0.005984499999982518,0.0808142999999859,0.08679879999996842
60,0.2,2,24,cadical,False,[],True,False,924,2054,0.005984499999982518,0.1918728999999928,0.19785739999997531
60,0.2,3,18,backtracking,,[],,True,,,,10.0,10.0
60,0.2,3,18,minisat,False,[],True,False,816,1847,0.00854029999999284,0.38368470000000343,0.39222499999999627
60,0.2,3,18,cadical,False,[],True,False,816,1847,0.00854029999999284,0.6523696000000143,0.6609099000000072
60,0.2,3,24,backtracking,,[],,True,,,,10.0,10.0
60,0.2,3,24,minisat,False,[],True,False,924,2075,0.01039850000000797,0.0750725999999986,0.08547110000000657
60,0.2,3,24,cadical,False,[],True,False,924,2075,0.01039850000000797,0.11838879999999108,0.12878729999999905
60,0.5,1,18,backtracking,False,[],True,False,,,,0.8466715999999792,0.8466715999999792
60,0.5,1,18,minisat,False,[],True,False,816,2348,0.00905140000000415,0.04318329999998127,0.05223469999998542
60,0.5,1,18,cadical,False,[],True,False,816,2348,0.00905140000000415,0.04375569999999129,0.052807099999995444
60,0.5,1,24,backtracking,False,[],True,False,,,,0.2686892000000114,0.2686892000000114
60,0.5,1,24,minisat,False,[],True,False,924,2576,0.00916159999999877,0.01887359999997784,0.028035199999976612
60,0.5,1,24,cadical,False,[],True,False,924,2576,0.00916159999999877,0.030523499999986825,0.039685099999985596
60,0.5,2,18,backtracking,False,[],True,False,,,,0.4612267999999915,0.4612267999999915
60,0.5,2,18,minisat,False,[],True,False,816,2358,0.005147999999991271,0.020115099999998165,0.025263099999989436
60,0.5,2,18,cadical,False,[],True,False,816,2358,0.005147999999991271,0.03390049999998723,0.0390484999999785
60,0.5,2,24,backtracking,False,[],True,False,,,,0.21349910000000705,0.21349910000000705
60,0.5,2,24,minisat,False,[],True,False,924,2586,0.012908699999996998,0.023832300000009354,0.03674100000000635
60,0.5,2,24,cadical,False,[],True,False,924,2586,0.012908699999996998,0.05335029999997687,0.06625899999997387
60,0.5,3,18,backtracking,False,[],True,False,,,,0.529548200000022,0.529548200000022
60,0.5,3,18,minisat,False,[],True,False,816,2398,0.010432299999990846,0.03053520000000276,0.040967499999993606
60,0.5,3,18,cadical,False,[],True,False,816,2398,0.010432299999990846,0.05131639999999038,0.06174869999998123
60,0.5,3,24,backtracking,False,[],True,False,,,,0.2928890000000024,0.2928890000000024
60,0.5,3,24,minisat,False,[],True,False,924,2626,0.011501899999984744,0.03359920000002603,0.045101100000010774
60,0.5,3,24,cadical,False,[],True,False,924,2626,0.011501899999984744,0.027309500000001208,0.03881139999998595
60,0.8,1,18,backtracking,False,[],True,False,,,,0.037785000000042146,0.037785000000042146
60,0.8,1,18,minisat,False,[],True,False,816,2889,0.006535500000040884,0.022103899999990517,0.0286394000000314
60,0.8,1,18,cadical,False,[],True,False,816,2889,0.006535500000040884,0.02493850000001885,0.03147400000005973
60,0.8,1,24,backtracking,False,[],True,False,,,,0.028415800000004765,0.028415800000004765
60,0.8,1,24,minisat,False,[],True,False,924,3117,0.00753879999996343,0.015919400000029782,0.023458199999993212
60,0.8,1,24,cadical,False,[],True,False,924,3117,0.00753879999996343,0.028233300000010786,0.035772099999974216
60,0.8,2,18,backtracking,False,[],True,False,,,,0.033831999999961226,0.033831999999961226
60,0.8,2,18,minisat,False,[],True,False,816,2902,0.006204700000012053,0.015081300000019837,0.02128600000003189
60,0.8,2,18,cadical,False,[],True,False,816,2902,0.006204700000012053,0.02786079999998492,0.03406549999999697
60,0.8,2,24,backtracking,False,[],True,False,,,,0.025333600000010392,0.025333600000010392
60,0.8,2,24,minisat,False,[],True,False,924,3130,0.008137500000032105,0.03086039999999457,0.038997900000026675
60,0.8,2,24,cadical,False,[],True,False,924,3130,0.008137500000032105,0.04130570000000944,0.04944320000004154
60,0.8,3,18,backtracking,False,[],True,False,,,,0.11023929999998927,0.11023929999998927
60,0.8,3,18,minisat,False,[],True,False,816,2907,0.015793799999983094,0.02475189999995564,0.040545699999938734
60,0.8,3,18,cadical,False,[],True,False,816,2907,0.015793799999983094,0.0326846000000387,0.04847840000002179
60,0.8,3,24,backtracking,False,[],True,False,,,,0.028816299999959938,0.028816299999959938
60,0.8,3,24,minisat,False,[],True,False,924,3135,0.009795600000018112,0.01578409999996211,0.02557969999998022
60,0.8,3,24,cadical,False,[],True,False,924,3135,0.009795600000018112,0.030475300000034622,0.040270900000052734
